stock,year,bbmsy,ffmsy,bbmsy.effEdepP,ffmsy.effEdepP
Engraulis anchoita,1964,1.43136633185078,0.4458807629065,1.43136633185078,0.4458807629065
Engraulis anchoita,1965,1.29607901533472,0.478024363379611,1.29607901533472,0.478024363379611
Engraulis anchoita,1966,1.27914342821802,0.323874799896723,1.27914342821802,0.323874799896723
Engraulis anchoita,1967,1.46902848937942,0.340445817338189,1.46902848937942,0.340445817338189
Engraulis anchoita,1968,2.02132915986036,0.594555297848985,2.02132915986036,0.594555297848985
Engraulis anchoita,1969,1.79556205634096,0.322184543432374,1.79556205634096,0.322184543432374
Engraulis anchoita,1970,1.59544416717199,0.318149115803465,1.59544416717199,0.318149115803465
Engraulis anchoita,1971,1.80815609056607,0.42314709654279,1.80815609056607,0.42314709654279
Engraulis anchoita,1972,2.57520409221717,0.595667068658448,2.57520409221717,0.595667068658448
Engraulis anchoita,1973,2.54147852849269,0.503710608964973,2.54147852849269,0.503710608964973
Engraulis anchoita,1974,2.05648425314954,0.551723672037187,2.05648425314954,0.551723672037187
Engraulis anchoita,1975,1.63422619128592,0.437624968085875,1.63422619128592,0.437624968085875
Engraulis anchoita,1976,1.63732771666558,0.465836702834169,1.63732771666558,0.465836702834169
Engraulis anchoita,1977,1.77501892722492,0.458738791444411,1.77501892722492,0.458738791444411
Engraulis anchoita,1978,1.54982704064792,0.389451984768419,1.54982704064792,0.389451984768419
Engraulis anchoita,1979,1.27177788495043,0.585118386952957,1.27177788495043,0.585118386952957
Engraulis anchoita,1980,0.973638923012445,0.437765567832985,0.973638923012445,0.437765567832985
Engraulis anchoita,1981,1.09302310747659,0.510453541507388,1.09302310747659,0.510453541507388
Engraulis anchoita,1982,1.10474511384236,0.342468616957062,1.10474511384236,0.342468616957062
Engraulis anchoita,1983,1.32361068539214,0.786573886279208,1.32361068539214,0.786573886279208
Engraulis anchoita,1984,1.10748039918735,0.874732252306268,1.10748039918735,0.874732252306268
Engraulis anchoita,1985,0.89498571731008,0.506012573910899,0.89498571731008,0.506012573910899
Engraulis anchoita,1986,0.845506032247393,0.711047040789752,0.845506032247393,0.711047040789752
Engraulis anchoita,1987,0.873335511327864,0.868734272368578,0.873335511327864,0.868734272368578
Engraulis anchoita,1988,0.828556940552455,0.936495193069515,0.828556940552455,0.936495193069515
Engraulis anchoita,1989,0.728567865808067,1.07244832606147,0.728567865808067,1.07244832606147
Engraulis anchoita,1990,0.652499831000382,0.772652245764346,0.652499831000382,0.772652245764346
Engraulis anchoita,1991,0.788617157582966,0.986432629967144,0.788617157582966,0.986432629967144
Engraulis anchoita,1992,0.705730189116451,1.04681103718259,0.705730189116451,1.04681103718259
Engraulis anchoita,1993,0.719154262960729,0.995301544298663,0.719154262960729,0.995301544298663
Engraulis anchoita,1994,0.731484403745963,0.99306604943026,0.731484403745963,0.99306604943026
Engraulis anchoita,1995,0.707570677275568,1.29221335834652,0.707570677275568,1.29221335834652
Engraulis anchoita,1996,0.680972752538568,1.15222787633205,0.680972752538568,1.15222787633205
Engraulis anchoita,1997,0.620853631451208,1.51556396094747,0.620853631451208,1.51556396094747
Engraulis anchoita,1998,0.437527581896091,1.14452005294986,0.437527581896091,1.14452005294986
Engraulis anchoita,1999,0.436549683172352,1.18427409162377,0.436549683172352,1.18427409162377
Engraulis anchoita,2000,0.455022579234418,0.997738857584545,0.455022579234418,0.997738857584545
Engraulis anchoita,2001,0.484058731234869,1.01260323131851,0.484058731234869,1.01260323131851
Engraulis anchoita,2002,0.621900077252595,1.28039939198145,0.621900077252595,1.28039939198145
Engraulis anchoita,2003,0.830962686540244,1.2832230157839,0.830962686540244,1.2832230157839
Engraulis anchoita,2004,0.990316793743159,1.48365047231119,0.990316793743159,1.48365047231119
Engraulis anchoita,2005,1.27072404916949,1.29333285907807,1.27072404916949,1.29333285907807
Engraulis anchoita,2006,1.03849512718831,1.59121011036898,1.03849512718831,1.59121011036898
Engraulis anchoita,2007,0.756604421307155,1.37253716411658,0.756604421307155,1.37253716411658
Engraulis anchoita,2008,0.65510110290209,1.30392905247661,0.65510110290209,1.30392905247661
Engraulis anchoita,2009,0.608943839415153,1.70106835558917,0.608943839415153,1.70106835558917
Engraulis anchoita,2010,0.587584719732342,1.67200785436876,0.587584719732342,1.67200785436876
Engraulis anchoita,2011,0.492414831237015,1.60413180830208,0.492414831237015,1.60413180830208
Engraulis anchoita,2012,0.374748232355293,1.53713611246196,0.374748232355293,1.53713611246196
Engraulis anchoita,2013,0.325398569185575,2.08843050683077,0.325398569185575,2.08843050683077
Engraulis anchoita,2014,0.307220709299381,1.69532425740539,0.307220709299381,1.69532425740539
Engraulis anchoita,2015,0.274717438506782,1.95785855252056,0.274717438506782,1.95785855252056
Engraulis anchoita,2016,0.198362432457882,1.63938784808991,0.198362432457882,1.63938784808991
Engraulis anchoita,2017,0.182286398425434,2.15926987362889,0.182286398425434,2.15926987362889
Engraulis anchoita,2018,0.19858502265589,1.64356447600243,0.19858502265589,1.64356447600243
Engraulis anchoita,2019,0.214584290780446,1.06236688802009,0.214584290780446,1.06236688802009
Loligo gahi,1964,1.36963622475604,0.000179577037585044,1.36963622475604,0.000179577037585044
Loligo gahi,1965,0.0823969158791431,0.0029850051204782,0.0823969158791431,0.0029850051204782
Loligo gahi,1966,0.0392258913213057,0.0125404526207547,0.0392258913213057,0.0125404526207547
Loligo gahi,1967,0.0283003072213017,0.0173818053555067,0.0283003072213017,0.0173818053555067
Loligo gahi,1968,0.024850653916382,0.0197946675076197,0.024850653916382,0.0197946675076197
Loligo gahi,1969,0.0232598677441622,0.0211484621078797,0.0232598677441622,0.0211484621078797
Loligo gahi,1970,0.0200405571505526,0.0245457463046702,0.0200405571505526,0.0245457463046702
Loligo gahi,1971,0.0160038673187521,0.015368486310972,0.0160038673187521,0.015368486310972
Loligo gahi,1972,0.0149653813055282,0.0164349448095918,0.0149653813055282,0.0164349448095918
Loligo gahi,1973,0.0190063646129431,0.0258813529909199,0.0190063646129431,0.0258813529909199
Loligo gahi,1974,0.0190059165674711,0.0258819631179282,0.0190059165674711,0.0258819631179282
Loligo gahi,1975,0.0173209664418429,0.0200217958655894,0.0173209664418429,0.0200217958655894
Loligo gahi,1976,0.0193097396164351,0.0163038281453541,0.0193097396164351,0.0163038281453541
Loligo gahi,1977,0.0284754401510055,0.0220254997637159,0.0284754401510055,0.0220254997637159
Loligo gahi,1978,0.0476009990043552,0.0464514912793589,0.0476009990043552,0.0464514912793589
Loligo gahi,1979,0.0502616134706972,0.0444329818592983,0.0502616134706972,0.0444329818592983
Loligo gahi,1980,0.0342212483461721,0.0138713106463296,0.0342212483461721,0.0138713106463296
Loligo gahi,1981,0.0383498579014854,0.012891051253691,0.0383498579014854,0.012891051253691
Loligo gahi,1982,0.0769924424923661,0.00836968726493291,0.0769924424923661,0.00836968726493291
Loligo gahi,1983,0.416371080047896,0.0978513721327168,0.416371080047896,0.0978513721327168
Loligo gahi,1984,0.757682380008759,0.0504159864020357,0.757682380008759,0.0504159864020357
Loligo gahi,1985,1.01555897980977,0.0290842407520813,1.01555897980977,0.0290842407520813
Loligo gahi,1986,1.94190789758427,0.0913877154714347,1.94190789758427,0.0913877154714347
Loligo gahi,1987,2.22957741531001,0.15337938508475,2.22957741531001,0.15337938508475
Loligo gahi,1988,2.07175524918098,0.0926228133846069,2.07175524918098,0.0926228133846069
Loligo gahi,1989,2.28730894145391,0.144806871044411,2.28730894145391,0.144806871044411
Loligo gahi,1990,1.9283102743229,0.0987399765229756,1.9283102743229,0.0987399765229756
Loligo gahi,1991,1.72648061151525,0.078683759256019,1.72648061151525,0.078683759256019
Loligo gahi,1992,1.88035585110893,0.105309079732189,1.88035585110893,0.105309079732189
Loligo gahi,1993,1.62031379256003,0.077673401601777,1.62031379256003,0.077673401601777
Loligo gahi,1994,1.74907092678484,0.0907213109831148,1.74907092678484,0.0907213109831148
Loligo gahi,1995,1.92749829071405,0.121811422451752,1.92749829071405,0.121811422451752
Loligo gahi,1996,1.71036894827324,0.109087087525953,1.71036894827324,0.109087087525953
Loligo gahi,1997,1.20459825387827,0.0557963467141334,1.20459825387827,0.0557963467141334
Loligo gahi,1998,1.42956803788183,0.0949071832207239,1.42956803788183,0.0949071832207239
Loligo gahi,1999,1.40703770881492,0.0780095895598686,1.40703770881492,0.0780095895598686
Loligo gahi,2000,1.50032711003223,0.112095060032297,1.50032711003223,0.112095060032297
Loligo gahi,2001,1.30281107053227,0.109736854044359,1.30281107053227,0.109736854044359
Loligo gahi,2002,1.04999165339456,0.0700884239268437,1.04999165339456,0.0700884239268437
Loligo gahi,2003,1.18080985715855,0.102699192778892,1.18080985715855,0.102699192778892
Loligo gahi,2004,1.03425286668604,0.0706270602640153,1.03425286668604,0.0706270602640153
Loligo gahi,2005,1.35644801590208,0.109729423210598,1.35644801590208,0.109729423210598
Loligo gahi,2006,1.17294569144371,0.0910873256753882,1.17294569144371,0.0910873256753882
Loligo gahi,2007,1.14500694570179,0.0958811390109464,1.14500694570179,0.0958811390109464
Loligo gahi,2008,1.25342838844548,0.105748143710878,1.25342838844548,0.105748143710878
Loligo gahi,2009,1.03273858914375,0.0829957687830657,1.03273858914375,0.0829957687830657
Loligo gahi,2010,1.23100939104627,0.13394566920359,1.23100939104627,0.13394566920359
Loligo gahi,2011,1.0586751395136,0.0817964918137885,1.0586751395136,0.0817964918137885
Loligo gahi,2012,1.36774937316646,0.145365308598283,1.36774937316646,0.145365308598283
Loligo gahi,2013,1.06467793059203,0.107715694109691,1.06467793059203,0.107715694109691
Loligo gahi,2014,1.05137110178513,0.138823241307146,1.05137110178513,0.138823241307146
Loligo gahi,2015,0.878508701479625,0.0923886550696856,0.878508701479625,0.0923886550696856
Loligo gahi,2016,0.915253749955529,0.133161932765198,0.915253749955529,0.133161932765198
Loligo gahi,2017,1.03975663519976,0.158017795935307,1.03975663519976,0.158017795935307
Loligo gahi,2018,1.09058424626546,0.182368300861004,1.09058424626546,0.182368300861004
Loligo gahi,2019,0.87111592088503,0.233271341233068,0.87111592088503,0.233271341233068
Macruronus magellanicus,1978,1.35399573194154,0.0196302769489726,1.35399573194154,0.0196302769489726
Macruronus magellanicus,1979,1.18023157412385,0.0691057238095655,1.18023157412385,0.0691057238095655
Macruronus magellanicus,1980,1.03897433303209,0.0903335294550164,1.03897433303209,0.0903335294550164
Macruronus magellanicus,1981,0.730121470829227,0.0539188869767781,0.730121470829227,0.0539188869767781
Macruronus magellanicus,1982,0.740011733098922,0.0678440129598996,0.740011733098922,0.0678440129598996
Macruronus magellanicus,1983,0.831265563873997,0.0675867421078481,0.831265563873997,0.0675867421078481
Macruronus magellanicus,1984,1.14377067869144,0.0677135791109352,1.14377067869144,0.0677135791109352
Macruronus magellanicus,1985,2.52042054577366,0.118137471937799,2.52042054577366,0.118137471937799
Macruronus magellanicus,1986,4.5572889817407,0.126799800623484,4.5572889817407,0.126799800623484
Macruronus magellanicus,1987,6.32896007696675,0.181495155179656,6.32896007696675,0.181495155179656
Macruronus magellanicus,1988,8.37154058153112,0.231377149996592,8.37154058153112,0.231377149996592
Macruronus magellanicus,1989,5.27518166900663,0.166789410327682,5.27518166900663,0.166789410327682
Macruronus magellanicus,1990,3.14771493074942,0.135225237948714,3.14771493074942,0.135225237948714
Macruronus magellanicus,1991,2.3189542632647,0.134390882428513,2.3189542632647,0.134390882428513
Macruronus magellanicus,1992,2.22409746724857,0.130135167698323,2.22409746724857,0.130135167698323
Macruronus magellanicus,1993,2.65983011078659,0.193041239432773,2.65983011078659,0.193041239432773
Macruronus magellanicus,1994,2.60734575082485,0.138001220376428,2.60734575082485,0.138001220376428
Macruronus magellanicus,1995,3.01261921122543,0.170440070809117,3.01261921122543,0.170440070809117
Macruronus magellanicus,1996,4.09594755075555,0.19994655708445,4.09594755075555,0.19994655708445
Macruronus magellanicus,1997,4.82643750679247,0.15533557499973,4.82643750679247,0.15533557499973
Macruronus magellanicus,1998,6.99945438892725,0.242430208060705,6.99945438892725,0.242430208060705
Macruronus magellanicus,1999,8.14803765726384,0.240198608034645,8.14803765726384,0.240198608034645
Macruronus magellanicus,2000,8.26945992639614,0.243797195136402,8.26945992639614,0.243797195136402
Macruronus magellanicus,2001,7.82076697122373,0.246383535247446,7.82076697122373,0.246383535247446
Macruronus magellanicus,2002,7.51621892668402,0.239198628939056,7.51621892668402,0.239198628939056
Macruronus magellanicus,2003,7.45735331424114,0.233930003034184,7.45735331424114,0.233930003034184
Macruronus magellanicus,2004,7.97783870469614,0.258059757312483,7.97783870469614,0.258059757312483
Macruronus magellanicus,2005,8.01013398579002,0.241133885342674,8.01013398579002,0.241133885342674
Macruronus magellanicus,2006,7.63363434606604,0.269836481313441,7.63363434606604,0.269836481313441
Macruronus magellanicus,2007,6.65566907518368,0.247842313717611,6.65566907518368,0.247842313717611
Macruronus magellanicus,2008,6.57715587871345,0.276154235591682,6.57715587871345,0.276154235591682
Macruronus magellanicus,2009,6.00614982980467,0.31760645189304,6.00614982980467,0.31760645189304
Macruronus magellanicus,2010,5.09888522526053,0.285818262119446,5.09888522526053,0.285818262119446
Macruronus magellanicus,2011,4.67366498285941,0.288116057161017,4.67366498285941,0.288116057161017
Macruronus magellanicus,2012,3.8055025382302,0.281410997075197,3.8055025382302,0.281410997075197
Macruronus magellanicus,2013,3.21986017375805,0.321442289516694,3.21986017375805,0.321442289516694
Macruronus magellanicus,2014,2.81678746944781,0.335814566137278,2.81678746944781,0.335814566137278
Macruronus magellanicus,2015,2.30337828470218,0.358319276777823,2.30337828470218,0.358319276777823
Macruronus magellanicus,2016,1.68759199751922,0.394420981253922,1.68759199751922,0.394420981253922
Macruronus magellanicus,2017,1.26635220981545,0.294879778727527,1.26635220981545,0.294879778727527
Macruronus magellanicus,2018,1.31996863424875,0.480390940908702,1.31996863424875,0.480390940908702
Macruronus magellanicus,2019,1.12299121055296,0.573269522244867,1.12299121055296,0.573269522244867
Merluccius hubbsi,1950,1.19201420914199,0.012464134780674,1.19201420914199,0.012464134780674
Merluccius hubbsi,1951,0.841640548824517,0.0360049958028826,0.841640548824517,0.0360049958028826
Merluccius hubbsi,1952,0.813595425397746,0.0461056211730403,0.813595425397746,0.0461056211730403
Merluccius hubbsi,1953,0.83396796764769,0.0497418500062223,0.83396796764769,0.0497418500062223
Merluccius hubbsi,1954,0.843932311029446,0.0524663770544641,0.843932311029446,0.0524663770544641
Merluccius hubbsi,1955,0.795617849052876,0.0538035171484528,0.795617849052876,0.0538035171484528
Merluccius hubbsi,1956,0.704628186747787,0.0478076796319316,0.704628186747787,0.0478076796319316
Merluccius hubbsi,1957,0.705807994243377,0.0537718932871077,0.705807994243377,0.0537718932871077
Merluccius hubbsi,1958,0.746053796919711,0.0510683485967448,0.746053796919711,0.0510683485967448
Merluccius hubbsi,1959,0.84891330430381,0.064634990155047,0.84891330430381,0.064634990155047
Merluccius hubbsi,1960,0.935566272319002,0.0666673964270482,0.935566272319002,0.0666673964270482
Merluccius hubbsi,1961,1.03032443073337,0.0606788201084826,1.03032443073337,0.0606788201084826
Merluccius hubbsi,1962,1.24371906713656,0.0722671808137275,1.24371906713656,0.0722671808137275
Merluccius hubbsi,1963,1.50015490302804,0.073740135276239,1.50015490302804,0.073740135276239
Merluccius hubbsi,1964,1.7772349170922,0.0792116930256564,1.7772349170922,0.0792116930256564
Merluccius hubbsi,1965,2.07067811158821,0.0722487862177414,2.07067811158821,0.0722487862177414
Merluccius hubbsi,1966,2.85589897278174,0.075357013948943,2.85589897278174,0.075357013948943
Merluccius hubbsi,1967,4.88928769116755,0.180160008820399,4.88928769116755,0.180160008820399
Merluccius hubbsi,1968,2.88102809283369,0.0939490785840072,2.88102809283369,0.0939490785840072
Merluccius hubbsi,1969,1.91991859182498,0.0533271802769961,1.91991859182498,0.0533271802769961
Merluccius hubbsi,1970,2.01712154451043,0.0788344098881307,2.01712154451043,0.0788344098881307
Merluccius hubbsi,1971,2.15455281846071,0.0794727114013652,2.15455281846071,0.0794727114013652
Merluccius hubbsi,1972,2.39294516708511,0.0856328827633788,2.39294516708511,0.0856328827633788
Merluccius hubbsi,1973,2.78254237211887,0.0971157268719161,2.78254237211887,0.0971157268719161
Merluccius hubbsi,1974,2.74993347099538,0.0923295671263339,2.74993347099538,0.0923295671263339
Merluccius hubbsi,1975,2.57388857451752,0.0718093706110277,2.57388857451752,0.0718093706110277
Merluccius hubbsi,1976,3.34086380529516,0.0993988966578851,3.34086380529516,0.0993988966578851
Merluccius hubbsi,1977,4.18354415642213,0.126285212528105,4.18354415642213,0.126285212528105
Merluccius hubbsi,1978,4.83888606512546,0.126701145962957,4.83888606512546,0.126701145962957
Merluccius hubbsi,1979,5.00442897289535,0.135814550508676,5.00442897289535,0.135814550508676
Merluccius hubbsi,1980,4.38485123761511,0.118997630797441,4.38485123761511,0.118997630797441
Merluccius hubbsi,1981,4.05189298929936,0.118542844987882,4.05189298929936,0.118542844987882
Merluccius hubbsi,1982,4.10397584049452,0.129159829605712,4.10397584049452,0.129159829605712
Merluccius hubbsi,1983,3.6818235673922,0.138914929760233,3.6818235673922,0.138914929760233
Merluccius hubbsi,1984,2.99946985436706,0.12498676736605,2.99946985436706,0.12498676736605
Merluccius hubbsi,1985,3.40288842804699,0.162755191988103,3.40288842804699,0.162755191988103
Merluccius hubbsi,1986,3.37274342012058,0.166281160982609,3.37274342012058,0.166281160982609
Merluccius hubbsi,1987,2.90645688285131,0.217016031604337,2.90645688285131,0.217016031604337
Merluccius hubbsi,1988,3.03828998458112,0.210293476082945,3.03828998458112,0.210293476082945
Merluccius hubbsi,1989,2.74458527296743,0.213684044281581,2.74458527296743,0.213684044281581
Merluccius hubbsi,1990,2.74620852063843,0.224843009511359,2.74620852063843,0.224843009511359
Merluccius hubbsi,1991,2.92427947159082,0.261028942674238,2.92427947159082,0.261028942674238
Merluccius hubbsi,1992,2.98357451908011,0.234569919253795,2.98357451908011,0.234569919253795
Merluccius hubbsi,1993,3.13434286221786,0.24725187641244,3.13434286221786,0.24725187641244
Merluccius hubbsi,1994,3.17677241168477,0.24363002489616,3.17677241168477,0.24363002489616
Merluccius hubbsi,1995,3.26317776738222,0.286880742502636,3.26317776738222,0.286880742502636
Merluccius hubbsi,1996,3.44224020211759,0.294292757648222,3.44224020211759,0.294292757648222
Merluccius hubbsi,1997,3.18585885929979,0.301101228644128,3.18585885929979,0.301101228644128
Merluccius hubbsi,1998,2.51601151289356,0.309090760237178,2.51601151289356,0.309090760237178
Merluccius hubbsi,1999,1.90529496123914,0.290296664565795,1.90529496123914,0.290296664565795
Merluccius hubbsi,2000,1.46189811485816,0.248285690185079,1.46189811485816,0.248285690185079
Merluccius hubbsi,2001,1.4866821749429,0.303541700527273,1.4866821749429,0.303541700527273
Merluccius hubbsi,2002,1.68109133852335,0.360578455710179,1.68109133852335,0.360578455710179
Merluccius hubbsi,2003,1.73402383763774,0.322607190526312,1.73402383763774,0.322607190526312
Merluccius hubbsi,2004,1.89417983066867,0.373227735474441,1.89417983066867,0.373227735474441
Merluccius hubbsi,2005,1.83986498865615,0.337974472579502,1.83986498865615,0.337974472579502
Merluccius hubbsi,2006,1.67154024525082,0.358069583422472,1.67154024525082,0.358069583422472
Merluccius hubbsi,2007,1.43217995411752,0.35624088800977,1.43217995411752,0.35624088800977
Merluccius hubbsi,2008,1.31807791821312,0.352129571531182,1.31807791821312,0.352129571531182
Merluccius hubbsi,2009,1.24297289052291,0.39208894374061,1.24297289052291,0.39208894374061
Merluccius hubbsi,2010,1.24017292074473,0.410034581584122,1.24017292074473,0.410034581584122
Merluccius hubbsi,2011,1.26469143414092,0.409417789983774,1.26469143414092,0.409417789983774
Merluccius hubbsi,2012,1.16867959497455,0.400208946088447,1.16867959497455,0.400208946088447
Merluccius hubbsi,2013,1.11250155093992,0.462060569938759,1.11250155093992,0.462060569938759
Merluccius hubbsi,2014,1.07201220514567,0.460881507875959,1.07201220514567,0.460881507875959
Merluccius hubbsi,2015,1.03144202198345,0.479076175144578,1.03144202198345,0.479076175144578
Merluccius hubbsi,2016,0.959872057949824,0.539909533049977,0.959872057949824,0.539909533049977
Merluccius hubbsi,2017,0.942069901573891,0.557121494278264,0.942069901573891,0.557121494278264
Merluccius hubbsi,2018,0.958125606349737,0.565729514011599,0.958125606349737,0.565729514011599
Merluccius hubbsi,2019,0.973277472813333,0.678639083583801,0.973277472813333,0.678639083583801
Micromesistius australis,1977,1.39311881148327,0.0175100745599377,1.39311881148327,0.0175100745599377
Micromesistius australis,1978,2.28622106697204,0.0821375426355079,2.28622106697204,0.0821375426355079
Micromesistius australis,1979,4.20750277397976,0.108261256459581,4.20750277397976,0.108261256459581
Micromesistius australis,1980,6.81189242180102,0.135809429431789,6.81189242180102,0.135809429431789
Micromesistius australis,1981,7.93448235436411,0.104191143445967,7.93448235436411,0.104191143445967
Micromesistius australis,1982,11.0144563421939,0.14770598218195,11.0144563421939,0.14770598218195
Micromesistius australis,1983,13.4335625130457,0.227684777653497,13.4335625130457,0.227684777653497
Micromesistius australis,1984,8.86302892405297,0.151541791274995,8.86302892405297,0.151541791274995
Micromesistius australis,1985,8.02398540982059,0.140701200209384,8.02398540982059,0.140701200209384
Micromesistius australis,1986,7.52562107383473,0.163775448625907,7.52562107383473,0.163775448625907
Micromesistius australis,1987,5.68871436737784,0.172798652060409,5.68871436737784,0.172798652060409
Micromesistius australis,1988,6.53303422571684,0.182702723355123,6.53303422571684,0.182702723355123
Micromesistius australis,1989,7.18749195268761,0.217636800155277,7.18749195268761,0.217636800155277
Micromesistius australis,1990,8.20503982173203,0.279855478121706,8.20503982173203,0.279855478121706
Micromesistius australis,1991,7.52563023027844,0.245654995078476,7.52563023027844,0.245654995078476
Micromesistius australis,1992,7.20454306505235,0.22574192841491,7.20454306505235,0.22574192841491
Micromesistius australis,1993,7.22659805904404,0.25281702157904,7.22659805904404,0.25281702157904
Micromesistius australis,1994,6.58219514140355,0.233034784464704,6.58219514140355,0.233034784464704
Micromesistius australis,1995,5.95137813205445,0.275698795520546,5.95137813205445,0.275698795520546
Micromesistius australis,1996,5.30215296193124,0.23317295087688,5.30215296193124,0.23317295087688
Micromesistius australis,1997,4.9511467947791,0.24524848036329,4.9511467947791,0.24524848036329
Micromesistius australis,1998,4.55359629565789,0.282858441837664,4.55359629565789,0.282858441837664
Micromesistius australis,1999,3.85690615458884,0.257875113100138,3.85690615458884,0.257875113100138
Micromesistius australis,2000,3.404818220408,0.293686293551867,3.404818220408,0.293686293551867
Micromesistius australis,2001,3.00735031630065,0.310478253956426,3.00735031630065,0.310478253956426
Micromesistius australis,2002,2.58693775797529,0.283266463782096,2.58693775797529,0.283266463782096
Micromesistius australis,2003,2.50612679377428,0.286499769654052,2.50612679377428,0.286499769654052
Micromesistius australis,2004,2.59962560955756,0.359757498195524,2.59962560955756,0.359757498195524
Micromesistius australis,2005,2.173388344304,0.293154873076858,2.173388344304,0.293154873076858
Micromesistius australis,2006,1.81905198492126,0.340323713521674,1.81905198492126,0.340323713521674
Micromesistius australis,2007,1.42192047531302,0.343683456975864,1.42192047531302,0.343683456975864
Micromesistius australis,2008,1.12311815823411,0.348959265824952,1.12311815823411,0.348959265824952
Micromesistius australis,2009,0.856001933254497,0.444372648139364,0.856001933254497,0.444372648139364
Micromesistius australis,2010,0.549796413143961,0.390580398250173,0.549796413143961,0.390580398250173
Micromesistius australis,2011,0.362499556033141,0.243981423182827,0.362499556033141,0.243981423182827
Micromesistius australis,2012,0.32686146013378,0.355592804338519,0.32686146013378,0.355592804338519
Micromesistius australis,2013,0.32026653568108,0.372883105459356,0.32026653568108,0.372883105459356
Micromesistius australis,2014,0.358990278036355,0.415347790876118,0.358990278036355,0.415347790876118
Micromesistius australis,2015,0.40654474389165,0.481012983530924,0.40654474389165,0.481012983530924
Micromesistius australis,2016,0.408611432145784,0.536343120199509,0.408611432145784,0.536343120199509
Micromesistius australis,2017,0.395129584459117,0.541692785203582,0.395129584459117,0.541692785203582
Micromesistius australis,2018,0.374082535544884,0.395588603108994,0.374082535544884,0.395588603108994
Micromesistius australis,2019,0.462009606640261,0.236918335110742,0.462009606640261,0.236918335110742
Micropogonias furnieri,1950,1.45571656848245,0.192570640266147,1.45571656848245,0.192570640266147
Micropogonias furnieri,1951,1.45108836416647,0.190106195898142,1.45108836416647,0.190106195898142
Micropogonias furnieri,1952,1.42884013188362,0.193847952858342,1.42884013188362,0.193847952858342
Micropogonias furnieri,1953,1.3819316153381,0.186688946616788,1.3819316153381,0.186688946616788
Micropogonias furnieri,1954,1.39523351353259,0.179305783018582,1.39523351353259,0.179305783018582
Micropogonias furnieri,1955,1.54728590616948,0.197054000107711,1.54728590616948,0.197054000107711
Micropogonias furnieri,1956,1.69389563772734,0.220218091800267,1.69389563772734,0.220218091800267
Micropogonias furnieri,1957,1.68274977876105,0.226986350258358,1.68274977876105,0.226986350258358
Micropogonias furnieri,1958,1.64695833836315,0.22106916182291,1.64695833836315,0.22106916182291
Micropogonias furnieri,1959,1.57824156984783,0.241309310470139,1.57824156984783,0.241309310470139
Micropogonias furnieri,1960,1.51486531962075,0.260989128210348,1.51486531962075,0.260989128210348
Micropogonias furnieri,1961,1.45162679526172,0.221580067085415,1.45162679526172,0.221580067085415
Micropogonias furnieri,1962,1.72673998228023,0.331805513220325,1.72673998228023,0.331805513220325
Micropogonias furnieri,1963,1.58691315606383,0.285032932196856,1.58691315606383,0.285032932196856
Micropogonias furnieri,1964,1.46280368628287,0.307689147100033,1.46280368628287,0.307689147100033
Micropogonias furnieri,1965,1.31056825609201,0.30593416693778,1.31056825609201,0.30593416693778
Micropogonias furnieri,1966,1.22886676756041,0.28992059098506,1.22886676756041,0.28992059098506
Micropogonias furnieri,1967,1.33339652460081,0.307397211339843,1.33339652460081,0.307397211339843
Micropogonias furnieri,1968,1.59862822792957,0.383546518596939,1.59862822792957,0.383546518596939
Micropogonias furnieri,1969,1.62776221536174,0.299149791188858,1.62776221536174,0.299149791188858
Micropogonias furnieri,1970,1.72017879848443,0.307100644615771,1.72017879848443,0.307100644615771
Micropogonias furnieri,1971,1.84596633939275,0.336390863705366,1.84596633939275,0.336390863705366
Micropogonias furnieri,1972,1.86002226060513,0.330246121278721,1.86002226060513,0.330246121278721
Micropogonias furnieri,1973,1.95443431892824,0.365151388193554,1.95443431892824,0.365151388193554
Micropogonias furnieri,1974,1.79161411655766,0.300883940823073,1.79161411655766,0.300883940823073
Micropogonias furnieri,1975,1.98874055535749,0.360874145845648,1.98874055535749,0.360874145845648
Micropogonias furnieri,1976,2.12969902173392,0.384548134613229,2.12969902173392,0.384548134613229
Micropogonias furnieri,1977,2.14795027369307,0.396723385049016,2.14795027369307,0.396723385049016
Micropogonias furnieri,1978,2.43623999220414,0.428856759077475,2.43623999220414,0.428856759077475
Micropogonias furnieri,1979,2.56215674945187,0.482611725304143,2.56215674945187,0.482611725304143
Micropogonias furnieri,1980,2.16420013998917,0.414056506992075,2.16420013998917,0.414056506992075
Micropogonias furnieri,1981,2.03816129250413,0.43337636399156,2.03816129250413,0.43337636399156
Micropogonias furnieri,1982,2.01794456973177,0.456629761635648,2.01794456973177,0.456629761635648
Micropogonias furnieri,1983,1.83046024484008,0.517366137122477,1.83046024484008,0.517366137122477
Micropogonias furnieri,1984,1.460031973477,0.553384927271426,1.460031973477,0.553384927271426
Micropogonias furnieri,1985,1.28776110855892,0.498059885859937,1.28776110855892,0.498059885859937
Micropogonias furnieri,1986,1.25832841300997,0.622385781594279,1.25832841300997,0.622385781594279
Micropogonias furnieri,1987,1.0204949981365,0.780876515348523,1.0204949981365,0.780876515348523
Micropogonias furnieri,1988,0.988780630361525,0.759318600390266,0.988780630361525,0.759318600390266
Micropogonias furnieri,1989,0.850668506753809,0.797378843020542,0.850668506753809,0.797378843020542
Micropogonias furnieri,1990,0.775081087340717,0.786551763164679,0.775081087340717,0.786551763164679
Micropogonias furnieri,1991,0.788771140441704,0.866167621150785,0.788771140441704,0.866167621150785
Micropogonias furnieri,1992,0.836519561508151,0.897541106441705,0.836519561508151,0.897541106441705
Micropogonias furnieri,1993,0.843587620583227,0.841313838703429,0.843587620583227,0.841313838703429
Micropogonias furnieri,1994,0.880099163501107,0.901802051201124,0.880099163501107,0.901802051201124
Micropogonias furnieri,1995,0.874726941305392,1.04091869752194,0.874726941305392,1.04091869752194
Micropogonias furnieri,1996,0.824974348977633,0.983301530529604,0.824974348977633,0.983301530529604
Micropogonias furnieri,1997,0.769120696537257,1.06240519323694,0.769120696537257,1.06240519323694
Micropogonias furnieri,1998,0.644069585469311,1.03382034353863,0.644069585469311,1.03382034353863
Micropogonias furnieri,1999,0.549226457829525,0.88127326021321,0.549226457829525,0.88127326021321
Micropogonias furnieri,2000,0.60531064073055,1.07455532025017,0.60531064073055,1.07455532025017
Micropogonias furnieri,2001,0.672454803692883,1.2289616229982,0.672454803692883,1.2289616229982
Micropogonias furnieri,2002,0.704059786002133,1.19232190426011,0.704059786002133,1.19232190426011
Micropogonias furnieri,2003,0.740059564635123,1.23671651512135,0.740059564635123,1.23671651512135
Micropogonias furnieri,2004,0.74338263553625,1.16135736319045,0.74338263553625,1.16135736319045
Micropogonias furnieri,2005,0.795309384299594,1.12795450910963,0.795309384299594,1.12795450910963
Micropogonias furnieri,2006,0.857744293283499,1.31851820389121,0.857744293283499,1.31851820389121
Micropogonias furnieri,2007,0.812527724333936,1.34289068909521,0.812527724333936,1.34289068909521
Micropogonias furnieri,2008,0.769115343945491,1.32293695340353,0.769115343945491,1.32293695340353
Micropogonias furnieri,2009,0.722236347596314,1.48644960377984,0.722236347596314,1.48644960377984
Micropogonias furnieri,2010,0.656945907636594,1.26470664672403,0.656945907636594,1.26470664672403
Micropogonias furnieri,2011,0.730523050764028,1.37139126838085,0.730523050764028,1.37139126838085
Micropogonias furnieri,2012,0.762246221849321,1.55024373294763,0.762246221849321,1.55024373294763
Micropogonias furnieri,2013,0.703344165340829,1.53907965928073,0.703344165340829,1.53907965928073
Micropogonias furnieri,2014,0.688530787847565,1.70215246263317,0.688530787847565,1.70215246263317
Micropogonias furnieri,2015,0.611675096229152,1.64256220545552,0.611675096229152,1.64256220545552
Micropogonias furnieri,2016,0.556903389577667,1.85550881860293,0.556903389577667,1.85550881860293
Micropogonias furnieri,2017,0.504284358950957,1.73522853395752,0.504284358950957,1.73522853395752
Micropogonias furnieri,2018,0.517082031711045,1.8408399402966,0.517082031711045,1.8408399402966
Micropogonias furnieri,2019,0.527719628692185,1.9812744980915,0.527719628692185,1.9812744980915
Pleoticus muelleri,1950,1.41643353874787,0.00248331655663546,1.41643353874787,0.00248331655663546
Pleoticus muelleri,1951,0.635606613220367,0.0105146175188724,0.635606613220367,0.0105146175188724
Pleoticus muelleri,1952,0.507386971463988,0.0180244624823395,0.507386971463988,0.0180244624823395
Pleoticus muelleri,1953,0.422796819618017,0.02163066751411,0.422796819618017,0.02163066751411
Pleoticus muelleri,1954,0.289150760842777,0.0145977254822813,0.289150760842777,0.0145977254822813
Pleoticus muelleri,1955,0.244744181114165,0.0143719570456532,0.244744181114165,0.0143719570456532
Pleoticus muelleri,1956,0.256182743046408,0.0260874731490691,0.256182743046408,0.0260874731490691
Pleoticus muelleri,1957,0.205015514127187,0.0205884098466666,0.205015514127187,0.0205884098466666
Pleoticus muelleri,1958,0.165842583597633,0.0254515055072734,0.165842583597633,0.0254515055072734
Pleoticus muelleri,1959,0.107743192104888,0.022852645745872,0.107743192104888,0.022852645745872
Pleoticus muelleri,1960,0.0744637093915694,0.0188948570351215,0.0744637093915694,0.0188948570351215
Pleoticus muelleri,1961,0.06517555874212,0.0269844472838648,0.06517555874212,0.0269844472838648
Pleoticus muelleri,1962,0.0536396197098642,0.0262302594773951,0.0536396197098642,0.0262302594773951
Pleoticus muelleri,1963,0.0474657918054353,0.0296420030034646,0.0474657918054353,0.0296420030034646
Pleoticus muelleri,1964,0.0399900846329974,0.0263874374642655,0.0399900846329974,0.0263874374642655
Pleoticus muelleri,1965,0.0371668290174707,0.0283918721435147,0.0371668290174707,0.0283918721435147
Pleoticus muelleri,1966,0.036295324477085,0.0387648041043643,0.036295324477085,0.0387648041043643
Pleoticus muelleri,1967,0.0293618873746584,0.0239593103349492,0.0293618873746584,0.0239593103349492
Pleoticus muelleri,1968,0.0309583118526751,0.0340857041063988,0.0309583118526751,0.0340857041063988
Pleoticus muelleri,1969,0.0342102188485673,0.0411275107442776,0.0342102188485673,0.0411275107442776
Pleoticus muelleri,1970,0.0282448301165171,0.0249068791961994,0.0282448301165171,0.0249068791961994
Pleoticus muelleri,1971,0.0265867785560749,0.0396902488663031,0.0265867785560749,0.0396902488663031
Pleoticus muelleri,1972,0.0200816185703376,0.0350315672596426,0.0200816185703376,0.0350315672596426
Pleoticus muelleri,1973,0.0149044097259606,0.0236000816055105,0.0149044097259606,0.0236000816055105
Pleoticus muelleri,1974,0.0131319857120176,0.0267853844443905,0.0131319857120176,0.0267853844443905
Pleoticus muelleri,1975,0.0146777966907321,0.0455324499398327,0.0146777966907321,0.0455324499398327
Pleoticus muelleri,1976,0.0124353192905795,0.0427118411010537,0.0124353192905795,0.0427118411010537
Pleoticus muelleri,1977,0.00885061656126358,0.0496780765752121,0.00885061656126358,0.0496780765752121
Pleoticus muelleri,1978,0.00534578517206127,0.026977434098496,0.00534578517206127,0.026977434098496
Pleoticus muelleri,1979,0.0040504739779242,0.00347362099084412,0.0040504739779242,0.00347362099084412
Pleoticus muelleri,1980,0.0352821756231812,0.0725778848810018,0.0352821756231812,0.0725778848810018
Pleoticus muelleri,1981,0.139680494468837,0.0658764612188834,0.139680494468837,0.0658764612188834
Pleoticus muelleri,1982,0.444138223067231,0.0607205362266821,0.444138223067231,0.0607205362266821
Pleoticus muelleri,1983,0.895146822793161,0.0745616990239255,0.895146822793161,0.0745616990239255
Pleoticus muelleri,1984,0.984904350787972,0.0821199652083055,0.984904350787972,0.0821199652083055
Pleoticus muelleri,1985,0.622901929482556,0.0555370712828047,0.622901929482556,0.0555370712828047
Pleoticus muelleri,1986,0.374032706027389,0.063647163898526,0.374032706027389,0.063647163898526
Pleoticus muelleri,1987,0.185922708636545,0.0204891671023327,0.185922708636545,0.0204891671023327
Pleoticus muelleri,1988,0.451549896074321,0.138657236817744,0.451549896074321,0.138657236817744
Pleoticus muelleri,1989,0.462271554096854,0.0888738426992664,0.462271554096854,0.0888738426992664
Pleoticus muelleri,1990,0.442178253428693,0.0783709856596242,0.442178253428693,0.0783709856596242
Pleoticus muelleri,1991,0.444854912866466,0.0649794500458255,0.444854912866466,0.0649794500458255
Pleoticus muelleri,1992,0.70917045245704,0.121499034420603,0.70917045245704,0.121499034420603
Pleoticus muelleri,1993,0.674861329408853,0.100442611060134,0.674861329408853,0.100442611060134
Pleoticus muelleri,1994,0.541569863377217,0.1082703139714,0.541569863377217,0.1082703139714
Pleoticus muelleri,1995,0.349401163952554,0.0674998364260568,0.349401163952554,0.0674998364260568
Pleoticus muelleri,1996,0.356463571555926,0.0974330402675885,0.356463571555926,0.0974330402675885
Pleoticus muelleri,1997,0.370971357373796,0.0614606194610621,0.370971357373796,0.0614606194610621
Pleoticus muelleri,1998,0.600898410798,0.136583365947224,0.600898410798,0.136583365947224
Pleoticus muelleri,1999,0.679043470412524,0.0830252213103819,0.679043470412524,0.0830252213103819
Pleoticus muelleri,2000,1.05230760126794,0.124177924328102,1.05230760126794,0.124177924328102
Pleoticus muelleri,2001,1.46988151806711,0.188672714287553,1.46988151806711,0.188672714287553
Pleoticus muelleri,2002,1.33409121699952,0.135552415036313,1.33409121699952,0.135552415036313
Pleoticus muelleri,2003,1.20413005474047,0.154517517150263,1.20413005474047,0.154517517150263
Pleoticus muelleri,2004,0.748772332347881,0.127432517950736,0.748772332347881,0.127432517950736
Pleoticus muelleri,2005,0.510606005654737,0.0517347439554817,0.510606005654737,0.0517347439554817
Pleoticus muelleri,2006,0.920836635342509,0.169620199904288,0.920836635342509,0.169620199904288
Pleoticus muelleri,2007,1.09723361348507,0.152654444407749,1.09723361348507,0.152654444407749
Pleoticus muelleri,2008,1.19623906758978,0.139393850870675,1.19623906758978,0.139393850870675
Pleoticus muelleri,2009,1.28418114766709,0.147172585319759,1.28418114766709,0.147172585319759
Pleoticus muelleri,2010,1.45808225492155,0.173896629235859,1.45808225492155,0.173896629235859
Pleoticus muelleri,2011,1.63478813246879,0.180446125151985,1.63478813246879,0.180446125151985
Pleoticus muelleri,2012,1.59941475077954,0.178057038093564,1.59941475077954,0.178057038093564
Pleoticus muelleri,2013,1.69856331491157,0.211310584625924,1.69856331491157,0.211310584625924
Pleoticus muelleri,2014,1.89774771424479,0.237606057071003,1.89774771424479,0.237606057071003
Pleoticus muelleri,2015,2.01427239582562,0.251750255995945,2.01427239582562,0.251750255995945
Pleoticus muelleri,2016,2.0703358746761,0.304701315910921,2.0703358746761,0.304701315910921
Pleoticus muelleri,2017,2.16059605955767,0.397351123384957,2.16059605955767,0.397351123384957
Pleoticus muelleri,2018,2.13868346445365,0.420554895333677,2.13868346445365,0.420554895333677
Pleoticus muelleri,2019,1.06909239908927,0.71212229379936,1.06909239908927,0.71212229379936
Sardinella brasiliensis,1950,1.36900694109139,0.103386262748249,1.36900694109139,0.103386262748249
Sardinella brasiliensis,1951,1.06542472702221,0.143915582868742,1.06542472702221,0.143915582868742
Sardinella brasiliensis,1952,1.05135602049429,0.151450671443792,1.05135602049429,0.151450671443792
Sardinella brasiliensis,1953,0.976262395020587,0.144977940395694,0.976262395020587,0.144977940395694
Sardinella brasiliensis,1954,0.972311506514255,0.157697630404341,0.972311506514255,0.157697630404341
Sardinella brasiliensis,1955,0.987357812769714,0.167240211940275,0.987357812769714,0.167240211940275
Sardinella brasiliensis,1956,1.02059699417847,0.173350147172662,1.02059699417847,0.173350147172662
Sardinella brasiliensis,1957,1.02322892128887,0.184431210352643,1.02322892128887,0.184431210352643
Sardinella brasiliensis,1958,1.01404005691736,0.186102459300102,1.01404005691736,0.186102459300102
Sardinella brasiliensis,1959,1.02900690623893,0.193711612197422,1.02900690623893,0.193711612197422
Sardinella brasiliensis,1960,1.00372976022242,0.205052878800957,1.00372976022242,0.205052878800957
Sardinella brasiliensis,1961,1.06317108562173,0.193588482282173,1.06317108562173,0.193588482282173
Sardinella brasiliensis,1962,1.24597068748946,0.25795617104553,1.24597068748946,0.25795617104553
Sardinella brasiliensis,1963,1.24959951277891,0.235969787834092,1.24959951277891,0.235969787834092
Sardinella brasiliensis,1964,1.25770486739592,0.222726613034918,1.25770486739592,0.222726613034918
Sardinella brasiliensis,1965,1.40627251180219,0.27635871951783,1.40627251180219,0.27635871951783
Sardinella brasiliensis,1966,1.64693913926222,0.281092560167696,1.64693913926222,0.281092560167696
Sardinella brasiliensis,1967,1.81421491631846,0.2860560805063,1.81421491631846,0.2860560805063
Sardinella brasiliensis,1968,1.88243593350236,0.284774385713837,1.88243593350236,0.284774385713837
Sardinella brasiliensis,1969,2.27400962799854,0.285530341502092,2.27400962799854,0.285530341502092
Sardinella brasiliensis,1970,2.6309868592364,0.303498976136537,2.6309868592364,0.303498976136537
Sardinella brasiliensis,1971,2.84335581609752,0.333927288089812,2.84335581609752,0.333927288089812
Sardinella brasiliensis,1972,2.92434508476445,0.344240644504881,2.92434508476445,0.344240644504881
Sardinella brasiliensis,1973,3.30168754886513,0.4072453366954,3.30168754886513,0.4072453366954
Sardinella brasiliensis,1974,2.81878777509313,0.370498497526192,2.81878777509313,0.370498497526192
Sardinella brasiliensis,1975,2.3737087349604,0.338143237142187,2.3737087349604,0.338143237142187
Sardinella brasiliensis,1976,2.11442643036361,0.293625684001792,2.11442643036361,0.293625684001792
Sardinella brasiliensis,1977,2.32124626966204,0.369850157661146,2.32124626966204,0.369850157661146
Sardinella brasiliensis,1978,2.32074183480511,0.367666382802939,2.32074183480511,0.367666382802939
Sardinella brasiliensis,1979,2.3846358744961,0.369826780151981,2.3846358744961,0.369826780151981
Sardinella brasiliensis,1980,2.25403910929727,0.382709174607226,2.25403910929727,0.382709174607226
Sardinella brasiliensis,1981,1.78787306562965,0.369326614660068,1.78787306562965,0.369326614660068
Sardinella brasiliensis,1982,1.73326338956815,0.336411158654957,1.73326338956815,0.336411158654957
Sardinella brasiliensis,1983,1.8520374046029,0.443811553352039,1.8520374046029,0.443811553352039
Sardinella brasiliensis,1984,1.65032864675459,0.490312054809969,1.65032864675459,0.490312054809969
Sardinella brasiliensis,1985,1.51543058135199,0.48239885567626,1.51543058135199,0.48239885567626
Sardinella brasiliensis,1986,1.28581702001264,0.578720141871956,1.28581702001264,0.578720141871956
Sardinella brasiliensis,1987,0.835341776652593,0.644144168985075,0.835341776652593,0.644144168985075
Sardinella brasiliensis,1988,0.666285461832745,0.57655135190623,0.666285461832745,0.57655135190623
Sardinella brasiliensis,1989,0.580472299291575,0.793524138757896,0.580472299291575,0.793524138757896
Sardinella brasiliensis,1990,0.404817903096307,0.467353426564775,0.404817903096307,0.467353426564775
Sardinella brasiliensis,1991,0.468297569995665,0.809665783893348,0.468297569995665,0.809665783893348
Sardinella brasiliensis,1992,0.478244750755101,0.799582784429598,0.478244750755101,0.799582784429598
Sardinella brasiliensis,1993,0.4650262446592,0.633974230706784,0.4650262446592,0.633974230706784
Sardinella brasiliensis,1994,0.582244675568621,0.85723859872702,0.582244675568621,0.85723859872702
Sardinella brasiliensis,1995,0.51894514188383,0.684256367029271,0.51894514188383,0.684256367029271
Sardinella brasiliensis,1996,0.6255584521231,0.915319670903595,0.6255584521231,0.915319670903595
Sardinella brasiliensis,1997,0.59118381697228,1.17353786491589,0.59118381697228,1.17353786491589
Sardinella brasiliensis,1998,0.397995065349304,1.21924132719051,0.397995065349304,1.21924132719051
Sardinella brasiliensis,1999,0.209666244277778,0.717753571515323,0.209666244277778,0.717753571515323
Sardinella brasiliensis,2000,0.156196986694811,0.643851016415874,0.156196986694811,0.643851016415874
Sardinella brasiliensis,2001,0.178028500948933,1.31996780860492,0.178028500948933,1.31996780860492
Sardinella brasiliensis,2002,0.16162442450482,0.804706711800932,0.16162442450482,0.804706711800932
Sardinella brasiliensis,2003,0.182369802932299,0.817035276081736,0.182369802932299,0.817035276081736
Sardinella brasiliensis,2004,0.266155165049638,1.18368013660909,0.266155165049638,1.18368013660909
Sardinella brasiliensis,2005,0.274389401126465,0.916811858502023,0.274389401126465,0.916811858502023
Sardinella brasiliensis,2006,0.306932707016312,1.04140911488442,0.306932707016312,1.04140911488442
Sardinella brasiliensis,2007,0.308517515868147,1.06930077383252,0.308517515868147,1.06930077383252
Sardinella brasiliensis,2008,0.372585512617119,1.18127371863984,0.372585512617119,1.18127371863984
Sardinella brasiliensis,2009,0.378089570797672,1.29907597651424,0.378089570797672,1.29907597651424
Sardinella brasiliensis,2010,0.339223803159039,1.08019021564849,0.339223803159039,1.08019021564849
Sardinella brasiliensis,2011,0.394412800192506,1.12164224377527,0.394412800192506,1.12164224377527
Sardinella brasiliensis,2012,0.411707373822319,1.37397164311291,0.411707373822319,1.37397164311291
Sardinella brasiliensis,2013,0.360243659494197,1.60946183498363,0.360243659494197,1.60946183498363
Sardinella brasiliensis,2014,0.247598699323241,1.23333006737618,0.247598699323241,1.23333006737618
Sardinella brasiliensis,2015,0.217188582994543,1.2599062595179,0.217188582994543,1.2599062595179
Sardinella brasiliensis,2016,0.197451715219403,1.38584390065484,0.197451715219403,1.38584390065484
Sardinella brasiliensis,2017,0.194337453483156,1.40805207800237,0.194337453483156,1.40805207800237
Sardinella brasiliensis,2018,0.210826520364554,1.29792615624203,0.210826520364554,1.29792615624203
Sardinella brasiliensis,2019,0.291202192385672,0.939681301740467,0.291202192385672,0.939681301740467
